TX2,Cloud,Pi
0.01988976,0.062633374,1.888907576
0.362187147,0.034897995,65.61941993
0.386038652,0.034753466,65.237007
0.396704817,0.034898233,66.04364231
0.3128,0,65.13973634
